{"stats":{"minecraft:crafted":{"minecraft:oak_planks":88,"minecraft:crafting_table":1},"minecraft:used":{"minecraft:dirt":17,"minecraft:repeating_command_block":1},"minecraft:custom":{"minecraft:time_since_rest":24452,"minecraft:damage_taken":2095,"minecraft:crouch_one_cm":5262,"minecraft:play_time":95191,"minecraft:sprint_one_cm":59188,"minecraft:walk_one_cm":27732,"minecraft:deaths":8,"minecraft:sneak_time":2876,"minecraft:walk_under_water_one_cm":2380,"minecraft:drop":1,"minecraft:jump":623,"minecraft:damage_dealt":141,"minecraft:leave_game":1,"minecraft:time_since_death":21157,"minecraft:walk_on_water_one_cm":3443,"minecraft:total_world_time":95191,"minecraft:climb_one_cm":178,"minecraft:swim_one_cm":5530,"minecraft:fly_one_cm":525856,"minecraft:fall_one_cm":21259},"minecraft:picked_up":{"minecraft:stick":1,"minecraft:rotten_flesh":2,"minecraft:wheat_seeds":1,"minecraft:gravel":1,"minecraft:oak_log":22,"minecraft:dirt":23},"minecraft:mined":{"minecraft:grass":2,"minecraft:grass_block":6,"minecraft:oak_log":22,"minecraft:gravel":1,"minecraft:dirt":1,"minecraft:tall_grass":5,"minecraft:oak_leaves":1},"minecraft:killed_by":{"minecraft:creeper":1,"minecraft:spider":3,"minecraft:zombie":1,"minecraft:enderman":3},"minecraft:dropped":{"minecraft:wheat_seeds":1}},"DataVersion":3465}