{"stats":{"minecraft:mined":{"minecraft:grass":2,"minecraft:grass_block":6,"minecraft:oak_log":22,"minecraft:gravel":1,"minecraft:dirt":1,"minecraft:tall_grass":5,"minecraft:oak_leaves":1},"minecraft:killed_by":{"minecraft:zombie":1,"minecraft:enderman":1},"minecraft:crafted":{"minecraft:oak_planks":88,"minecraft:crafting_table":1},"minecraft:picked_up":{"minecraft:stick":1,"minecraft:wheat_seeds":1,"minecraft:gravel":1,"minecraft:oak_log":22,"minecraft:dirt":7},"minecraft:used":{"minecraft:dirt":7},"minecraft:custom":{"minecraft:time_since_rest":596,"minecraft:deaths":2,"minecraft:crouch_one_cm":4944,"minecraft:play_time":14143,"minecraft:sprint_one_cm":32267,"minecraft:damage_taken":655,"minecraft:walk_one_cm":8827,"minecraft:sneak_time":1594,"minecraft:walk_under_water_one_cm":2181,"minecraft:jump":313,"minecraft:damage_dealt":127,"minecraft:leave_game":1,"minecraft:walk_on_water_one_cm":3329,"minecraft:time_since_death":562,"minecraft:total_world_time":14143,"minecraft:climb_one_cm":178,"minecraft:swim_one_cm":5530,"minecraft:fall_one_cm":11521,"minecraft:fly_one_cm":70374}},"DataVersion":3465}