{"stats":{"minecraft:picked_up":{"minecraft:stick":1,"minecraft:gravel":1,"minecraft:oak_log":22,"minecraft:dirt":37,"minecraft:rotten_flesh":6,"minecraft:wheat_seeds":6,"minecraft:sunflower":30},"minecraft:used":{"minecraft:sunflower":5,"minecraft:rotten_flesh":5,"minecraft:dirt":17,"minecraft:repeating_command_block":1},"minecraft:dropped":{"minecraft:wheat_seeds":1,"minecraft:rotten_flesh":1,"minecraft:sunflower":25},"minecraft:killed_by":{"minecraft:skeleton":1,"minecraft:creeper":1,"minecraft:spider":3,"minecraft:zombie":4,"minecraft:enderman":3},"minecraft:crafted":{"minecraft:oak_planks":88,"minecraft:crafting_table":1},"minecraft:custom":{"minecraft:time_since_rest":4941,"minecraft:sprint_one_cm":104259,"minecraft:damage_taken":3240,"minecraft:walk_one_cm":48811,"minecraft:mob_kills":1,"minecraft:drop":27,"minecraft:damage_dealt":260,"minecraft:swim_one_cm":5530,"minecraft:fly_one_cm":722484,"minecraft:crouch_one_cm":7281,"minecraft:play_time":127567,"minecraft:deaths":12,"minecraft:sneak_time":3489,"minecraft:walk_under_water_one_cm":2380,"minecraft:jump":1211,"minecraft:leave_game":5,"minecraft:walk_on_water_one_cm":3443,"minecraft:time_since_death":4907,"minecraft:climb_one_cm":178,"minecraft:total_world_time":127567,"minecraft:fall_one_cm":45384},"minecraft:mined":{"minecraft:grass":14,"minecraft:grass_block":11,"minecraft:oak_log":22,"minecraft:poppy":1,"minecraft:gravel":1,"minecraft:sunflower":31,"minecraft:dirt":11,"minecraft:tall_grass":5,"minecraft:oak_leaves":1},"minecraft:killed":{"minecraft:frog":1}},"DataVersion":3465}