{"stats":{"minecraft:crafted":{"minecraft:oak_planks":88,"minecraft:crafting_table":1},"minecraft:used":{"minecraft:dirt":17},"minecraft:custom":{"minecraft:time_since_rest":19836,"minecraft:damage_taken":1890,"minecraft:crouch_one_cm":5037,"minecraft:play_time":65191,"minecraft:sprint_one_cm":48473,"minecraft:walk_one_cm":17258,"minecraft:deaths":7,"minecraft:sneak_time":1693,"minecraft:walk_under_water_one_cm":2181,"minecraft:drop":1,"minecraft:jump":534,"minecraft:damage_dealt":141,"minecraft:leave_game":1,"minecraft:time_since_death":10174,"minecraft:walk_on_water_one_cm":3329,"minecraft:total_world_time":65191,"minecraft:climb_one_cm":178,"minecraft:swim_one_cm":5530,"minecraft:fly_one_cm":103988,"minecraft:fall_one_cm":19350},"minecraft:picked_up":{"minecraft:stick":1,"minecraft:wheat_seeds":1,"minecraft:gravel":1,"minecraft:oak_log":22,"minecraft:dirt":23},"minecraft:mined":{"minecraft:grass":2,"minecraft:grass_block":6,"minecraft:oak_log":22,"minecraft:gravel":1,"minecraft:dirt":1,"minecraft:tall_grass":5,"minecraft:oak_leaves":1},"minecraft:killed_by":{"minecraft:spider":3,"minecraft:zombie":1,"minecraft:enderman":3},"minecraft:dropped":{"minecraft:wheat_seeds":1}},"DataVersion":3465}