{"stats":{"minecraft:crafted":{"minecraft:oak_planks":88,"minecraft:crafting_table":1},"minecraft:used":{"minecraft:dirt":17},"minecraft:custom":{"minecraft:time_since_rest":6452,"minecraft:damage_taken":2075,"minecraft:crouch_one_cm":5037,"minecraft:play_time":77191,"minecraft:sprint_one_cm":48647,"minecraft:walk_one_cm":17841,"minecraft:deaths":8,"minecraft:sneak_time":2067,"minecraft:walk_under_water_one_cm":2380,"minecraft:drop":1,"minecraft:jump":536,"minecraft:damage_dealt":141,"minecraft:leave_game":1,"minecraft:time_since_death":3157,"minecraft:walk_on_water_one_cm":3443,"minecraft:total_world_time":77191,"minecraft:climb_one_cm":178,"minecraft:swim_one_cm":5530,"minecraft:fly_one_cm":165431,"minecraft:fall_one_cm":19597},"minecraft:picked_up":{"minecraft:stick":1,"minecraft:rotten_flesh":2,"minecraft:wheat_seeds":1,"minecraft:gravel":1,"minecraft:oak_log":22,"minecraft:dirt":23},"minecraft:mined":{"minecraft:grass":2,"minecraft:grass_block":6,"minecraft:oak_log":22,"minecraft:gravel":1,"minecraft:dirt":1,"minecraft:tall_grass":5,"minecraft:oak_leaves":1},"minecraft:killed_by":{"minecraft:creeper":1,"minecraft:spider":3,"minecraft:zombie":1,"minecraft:enderman":3},"minecraft:dropped":{"minecraft:wheat_seeds":1}},"DataVersion":3465}