{"stats":{"minecraft:crafted":{"minecraft:oak_planks":88,"minecraft:crafting_table":1},"minecraft:custom":{"minecraft:time_since_rest":45581,"minecraft:damage_taken":2135,"minecraft:crouch_one_cm":6929,"minecraft:play_time":116320,"minecraft:sprint_one_cm":78134,"minecraft:walk_one_cm":34221,"minecraft:deaths":8,"minecraft:sneak_time":3235,"minecraft:walk_under_water_one_cm":2380,"minecraft:mob_kills":1,"minecraft:drop":1,"minecraft:jump":827,"minecraft:damage_dealt":241,"minecraft:leave_game":2,"minecraft:time_since_death":42286,"minecraft:walk_on_water_one_cm":3443,"minecraft:total_world_time":116320,"minecraft:climb_one_cm":178,"minecraft:swim_one_cm":5530,"minecraft:fly_one_cm":636507,"minecraft:fall_one_cm":32205},"minecraft:used":{"minecraft:rotten_flesh":2,"minecraft:sunflower":5,"minecraft:dirt":17,"minecraft:repeating_command_block":1},"minecraft:picked_up":{"minecraft:stick":1,"minecraft:rotten_flesh":2,"minecraft:wheat_seeds":1,"minecraft:gravel":1,"minecraft:oak_log":22,"minecraft:dirt":27,"minecraft:sunflower":5},"minecraft:killed":{"minecraft:frog":1},"minecraft:mined":{"minecraft:grass":3,"minecraft:grass_block":11,"minecraft:oak_log":22,"minecraft:sunflower":5,"minecraft:gravel":1,"minecraft:dirt":1,"minecraft:tall_grass":5,"minecraft:oak_leaves":1},"minecraft:killed_by":{"minecraft:creeper":1,"minecraft:spider":3,"minecraft:zombie":1,"minecraft:enderman":3},"minecraft:dropped":{"minecraft:wheat_seeds":1}},"DataVersion":3465}