{"stats":{"minecraft:crafted":{"minecraft:oak_planks":88,"minecraft:crafting_table":1},"minecraft:used":{"minecraft:dirt":7},"minecraft:custom":{"minecraft:time_since_rest":2510,"minecraft:damage_taken":790,"minecraft:crouch_one_cm":4944,"minecraft:play_time":17191,"minecraft:sprint_one_cm":36784,"minecraft:walk_one_cm":9998,"minecraft:deaths":3,"minecraft:sneak_time":1594,"minecraft:walk_under_water_one_cm":2181,"minecraft:drop":1,"minecraft:jump":359,"minecraft:damage_dealt":127,"minecraft:leave_game":1,"minecraft:time_since_death":2452,"minecraft:walk_on_water_one_cm":3329,"minecraft:total_world_time":17191,"minecraft:climb_one_cm":178,"minecraft:swim_one_cm":5530,"minecraft:fly_one_cm":75991,"minecraft:fall_one_cm":11521},"minecraft:picked_up":{"minecraft:stick":1,"minecraft:wheat_seeds":1,"minecraft:gravel":1,"minecraft:oak_log":22,"minecraft:dirt":23},"minecraft:mined":{"minecraft:grass":2,"minecraft:grass_block":6,"minecraft:oak_log":22,"minecraft:gravel":1,"minecraft:dirt":1,"minecraft:tall_grass":5,"minecraft:oak_leaves":1},"minecraft:killed_by":{"minecraft:zombie":1,"minecraft:enderman":2},"minecraft:dropped":{"minecraft:wheat_seeds":1}},"DataVersion":3465}