{"stats":{"minecraft:picked_up":{"minecraft:birch_log":7,"minecraft:crafting_table":3,"minecraft:feather":3,"minecraft:chicken":2,"minecraft:leather":3,"minecraft:oak_fence":1,"minecraft:torch":3,"minecraft:porkchop":13,"minecraft:oak_log":28,"minecraft:dirt":10,"minecraft:rotten_flesh":3,"minecraft:wheat_seeds":1,"minecraft:hay_block":9,"minecraft:beef":9,"minecraft:stone_pickaxe":1,"minecraft:oak_boat":1,"minecraft:oak_sapling":1,"minecraft:sugar_cane":29,"minecraft:oak_planks":9,"minecraft:coal":3,"minecraft:cobblestone":17,"minecraft:furnace":1},"minecraft:used":{"minecraft:oak_planks":80,"minecraft:chicken":2,"minecraft:stone_pickaxe":26,"minecraft:wooden_pickaxe":3,"minecraft:iron_sword":4,"minecraft:stone_axe":57,"minecraft:torch":3,"minecraft:dirt":6,"minecraft:crafting_table":4,"minecraft:furnace":1,"minecraft:cooked_porkchop":3,"minecraft:oak_boat":1},"minecraft:dropped":{"minecraft:wheat_seeds":1,"minecraft:cooked_porkchop":6,"minecraft:rotten_flesh":3,"minecraft:stone_pickaxe":1,"minecraft:wooden_pickaxe":1},"minecraft:crafted":{"minecraft:oak_boat":1,"minecraft:oak_planks":108,"minecraft:cooked_porkchop":13,"minecraft:crafting_table":2,"minecraft:stick":8,"minecraft:stone_pickaxe":1,"minecraft:wooden_pickaxe":1,"minecraft:furnace":1,"minecraft:torch":8,"minecraft:stone_axe":1,"minecraft:air":0},"minecraft:custom":{"minecraft:time_since_rest":29490,"minecraft:interact_with_furnace":18,"minecraft:sprint_one_cm":66670,"minecraft:damage_taken":258,"minecraft:walk_one_cm":51352,"minecraft:mob_kills":14,"minecraft:drop":7,"minecraft:damage_dealt":1472,"minecraft:talked_to_villager":3,"minecraft:interact_with_crafting_table":8,"minecraft:fly_one_cm":114606,"minecraft:open_chest":1,"minecraft:crouch_one_cm":8210,"minecraft:play_time":29490,"minecraft:sneak_time":2518,"minecraft:boat_one_cm":272400,"minecraft:jump":628,"minecraft:walk_on_water_one_cm":1113,"minecraft:time_since_death":29490,"minecraft:interact_with_smoker":2,"minecraft:total_world_time":29490,"minecraft:climb_one_cm":2550,"minecraft:fall_one_cm":19981},"minecraft:mined":{"minecraft:hay_block":7,"minecraft:furnace":1,"minecraft:birch_log":7,"minecraft:fire":17,"minecraft:oak_fence":1,"minecraft:crafting_table":4,"minecraft:torch":3,"minecraft:grass":6,"minecraft:oak_log":29,"minecraft:grass_block":4,"minecraft:coal_ore":5,"minecraft:dirt":7,"minecraft:oak_planks":1,"minecraft:stone":18,"minecraft:sugar_cane":15,"minecraft:oak_leaves":5},"minecraft:killed":{"minecraft:pig":6,"minecraft:chicken":3,"minecraft:cow":5}},"DataVersion":3465}