{"stats":{"minecraft:picked_up":{"minecraft:birch_log":7,"minecraft:crafting_table":5,"minecraft:feather":3,"minecraft:chicken":2,"minecraft:leather":3,"minecraft:smithing_table":2,"minecraft:oak_stairs":5,"minecraft:enchanted_book":6,"minecraft:oak_log":71,"minecraft:dirt":11,"minecraft:wheat_seeds":2,"minecraft:cobbled_deepslate":60,"minecraft:netherite_sword":1,"minecraft:bell":2,"minecraft:beef":18,"minecraft:stone_pickaxe":2,"minecraft:oak_boat":1,"minecraft:spruce_slab":1,"minecraft:sugar_cane":29,"minecraft:chest":23,"minecraft:iron_sword":1,"minecraft:oak_planks":17,"minecraft:iron_boots":9,"minecraft:furnace":3,"minecraft:oak_fence":2,"minecraft:torch":3,"minecraft:porkchop":13,"minecraft:rotten_flesh":3,"minecraft:stone_axe":1,"minecraft:hay_block":18,"minecraft:emerald":48,"minecraft:white_terracotta":10,"minecraft:oak_sapling":1,"minecraft:obsidian":3,"minecraft:coal":3,"minecraft:cobblestone":17},"minecraft:used":{"minecraft:trident":8,"minecraft:netherite_sword":11,"minecraft:birch_planks":5,"minecraft:spruce_slab":39,"minecraft:stone_pickaxe":40,"minecraft:oak_planks":259,"minecraft:chest":10,"minecraft:wooden_pickaxe":3,"minecraft:white_terracotta":168,"minecraft:chainmail_helmet":1,"minecraft:iron_sword":4,"minecraft:fletching_table":3,"minecraft:bell":2,"minecraft:oak_door":3,"minecraft:torch":3,"minecraft:dirt":6,"minecraft:crafting_table":7,"minecraft:blast_furnace":3,"minecraft:white_bed":6,"minecraft:villager_spawn_egg":13,"minecraft:chicken":2,"minecraft:lectern":40,"minecraft:iron_boots":1,"minecraft:stone_axe":118,"minecraft:cobblestone":2,"minecraft:chainmail_boots":1,"minecraft:smithing_table":5,"minecraft:grindstone":2,"minecraft:furnace":2,"minecraft:cooked_porkchop":4,"minecraft:oak_boat":1},"minecraft:dropped":{"minecraft:wheat_seeds":1,"minecraft:cooked_porkchop":6,"minecraft:netherite_sword":1,"minecraft:rotten_flesh":3,"minecraft:spruce_slab":1,"minecraft:wooden_pickaxe":1,"minecraft:stone_pickaxe":1},"minecraft:crafted":{"minecraft:oak_door":3,"minecraft:oak_planks":284,"minecraft:chainmail_helmet":12,"minecraft:emerald":12,"minecraft:cooked_porkchop":13,"minecraft:crafting_table":2,"minecraft:iron_helmet":20,"minecraft:wooden_pickaxe":1,"minecraft:furnace":1,"minecraft:birch_planks":28,"minecraft:stone_axe":1,"minecraft:enchanted_book":28,"minecraft:air":0,"minecraft:oak_boat":1,"minecraft:lantern":24,"minecraft:iron_chestplate":12,"minecraft:iron_boots":35,"minecraft:stick":8,"minecraft:chainmail_boots":12,"minecraft:stone_pickaxe":1,"minecraft:chest":2,"minecraft:torch":8,"minecraft:chainmail_leggings":12},"minecraft:custom":{"minecraft:interact_with_smithing_table":1,"minecraft:interact_with_furnace":18,"minecraft:mob_kills":20,"minecraft:traded_with_villager":167,"minecraft:interact_with_crafting_table":13,"minecraft:bell_ring":172,"minecraft:time_since_death":2690,"minecraft:climb_one_cm":2550,"minecraft:time_since_rest":2761,"minecraft:sprint_one_cm":113913,"minecraft:damage_taken":258,"minecraft:walk_one_cm":160176,"minecraft:drop":9,"minecraft:damage_dealt":2282,"minecraft:talked_to_villager":97,"minecraft:fly_one_cm":146141,"minecraft:open_chest":30,"minecraft:crouch_one_cm":13322,"minecraft:play_time":71490,"minecraft:deaths":3,"minecraft:sneak_time":4664,"minecraft:boat_one_cm":272400,"minecraft:jump":941,"minecraft:interact_with_blast_furnace":1,"minecraft:walk_on_water_one_cm":1113,"minecraft:total_world_time":71490,"minecraft:interact_with_smoker":2,"minecraft:fall_one_cm":22686},"minecraft:mined":{"minecraft:oak_fence":2,"minecraft:crafting_table":6,"minecraft:torch":3,"minecraft:grass_block":5,"minecraft:chest":1,"minecraft:sugar_cane":15,"minecraft:oak_planks":9,"minecraft:hay_block":7,"minecraft:white_terracotta":10,"minecraft:furnace":2,"minecraft:birch_log":7,"minecraft:fire":17,"minecraft:bell":2,"minecraft:grass":41,"minecraft:coal_ore":5,"minecraft:oak_log":72,"minecraft:oak_stairs":5,"minecraft:dirt":7,"minecraft:stone":18,"minecraft:oak_leaves":5,"minecraft:fern":2},"minecraft:killed":{"minecraft:pig":6,"minecraft:chicken":3,"minecraft:villager":6,"minecraft:cow":5}},"DataVersion":3465}