{"stats":{"minecraft:picked_up":{"minecraft:birch_log":7,"minecraft:crafting_table":3,"minecraft:feather":3,"minecraft:chicken":2,"minecraft:torch":3,"minecraft:porkchop":13,"minecraft:oak_log":27,"minecraft:dirt":10,"minecraft:rotten_flesh":1,"minecraft:wheat_seeds":1,"minecraft:beef":4,"minecraft:stone_pickaxe":1,"minecraft:oak_sapling":1,"minecraft:sugar_cane":29,"minecraft:oak_planks":8,"minecraft:coal":3,"minecraft:cobblestone":17,"minecraft:furnace":1},"minecraft:used":{"minecraft:chicken":2,"minecraft:stone_pickaxe":24,"minecraft:wooden_pickaxe":3,"minecraft:stone_axe":49,"minecraft:torch":3,"minecraft:dirt":6,"minecraft:crafting_table":4,"minecraft:furnace":1,"minecraft:cooked_porkchop":3,"minecraft:oak_boat":1},"minecraft:dropped":{"minecraft:wheat_seeds":1,"minecraft:cooked_porkchop":6,"minecraft:rotten_flesh":1,"minecraft:stone_pickaxe":1,"minecraft:wooden_pickaxe":1},"minecraft:crafted":{"minecraft:oak_boat":1,"minecraft:oak_planks":80,"minecraft:cooked_porkchop":13,"minecraft:crafting_table":2,"minecraft:stick":8,"minecraft:stone_pickaxe":1,"minecraft:wooden_pickaxe":1,"minecraft:furnace":1,"minecraft:torch":8,"minecraft:stone_axe":1,"minecraft:air":0},"minecraft:custom":{"minecraft:time_since_rest":17490,"minecraft:interact_with_furnace":18,"minecraft:sprint_one_cm":50921,"minecraft:damage_taken":140,"minecraft:walk_one_cm":32580,"minecraft:mob_kills":11,"minecraft:drop":5,"minecraft:damage_dealt":920,"minecraft:interact_with_crafting_table":8,"minecraft:fly_one_cm":88803,"minecraft:crouch_one_cm":6597,"minecraft:play_time":17490,"minecraft:sneak_time":2157,"minecraft:boat_one_cm":29473,"minecraft:jump":504,"minecraft:walk_on_water_one_cm":1064,"minecraft:time_since_death":17490,"minecraft:total_world_time":17490,"minecraft:climb_one_cm":2550,"minecraft:fall_one_cm":16461},"minecraft:mined":{"minecraft:furnace":1,"minecraft:birch_log":7,"minecraft:fire":17,"minecraft:crafting_table":4,"minecraft:torch":3,"minecraft:grass":6,"minecraft:oak_log":28,"minecraft:grass_block":4,"minecraft:coal_ore":5,"minecraft:dirt":7,"minecraft:stone":18,"minecraft:sugar_cane":15,"minecraft:oak_leaves":5},"minecraft:killed":{"minecraft:pig":6,"minecraft:chicken":3,"minecraft:cow":2}},"DataVersion":3465}