{"stats":{"minecraft:picked_up":{"minecraft:birch_log":7,"minecraft:crafting_table":4,"minecraft:feather":3,"minecraft:chicken":2,"minecraft:leather":3,"minecraft:oak_stairs":5,"minecraft:oak_log":71,"minecraft:dirt":11,"minecraft:wheat_seeds":2,"minecraft:bell":2,"minecraft:beef":9,"minecraft:stone_pickaxe":1,"minecraft:oak_boat":1,"minecraft:sugar_cane":29,"minecraft:oak_planks":17,"minecraft:furnace":2,"minecraft:oak_fence":2,"minecraft:torch":3,"minecraft:porkchop":13,"minecraft:rotten_flesh":3,"minecraft:hay_block":9,"minecraft:white_terracotta":8,"minecraft:oak_sapling":1,"minecraft:coal":3,"minecraft:cobblestone":17},"minecraft:used":{"minecraft:stone_pickaxe":37,"minecraft:oak_planks":256,"minecraft:wooden_pickaxe":3,"minecraft:white_terracotta":8,"minecraft:iron_sword":4,"minecraft:bell":2,"minecraft:oak_door":3,"minecraft:torch":3,"minecraft:dirt":6,"minecraft:crafting_table":6,"minecraft:villager_spawn_egg":1,"minecraft:chicken":2,"minecraft:stone_axe":117,"minecraft:cobblestone":2,"minecraft:furnace":2,"minecraft:cooked_porkchop":4,"minecraft:oak_boat":1},"minecraft:dropped":{"minecraft:wheat_seeds":1,"minecraft:cooked_porkchop":6,"minecraft:rotten_flesh":3,"minecraft:wooden_pickaxe":1,"minecraft:stone_pickaxe":1},"minecraft:crafted":{"minecraft:oak_door":3,"minecraft:oak_planks":284,"minecraft:cooked_porkchop":13,"minecraft:crafting_table":2,"minecraft:wooden_pickaxe":1,"minecraft:furnace":1,"minecraft:stone_axe":1,"minecraft:air":0,"minecraft:oak_boat":1,"minecraft:stick":8,"minecraft:stone_pickaxe":1,"minecraft:torch":8},"minecraft:custom":{"minecraft:interact_with_furnace":18,"minecraft:mob_kills":14,"minecraft:interact_with_crafting_table":9,"minecraft:bell_ring":172,"minecraft:time_since_death":370,"minecraft:climb_one_cm":2550,"minecraft:time_since_rest":404,"minecraft:sprint_one_cm":94354,"minecraft:damage_taken":258,"minecraft:walk_one_cm":93534,"minecraft:drop":7,"minecraft:damage_dealt":1472,"minecraft:talked_to_villager":3,"minecraft:fly_one_cm":128544,"minecraft:open_chest":1,"minecraft:crouch_one_cm":11784,"minecraft:play_time":41490,"minecraft:deaths":1,"minecraft:sneak_time":3863,"minecraft:boat_one_cm":272400,"minecraft:jump":763,"minecraft:walk_on_water_one_cm":1113,"minecraft:total_world_time":41490,"minecraft:interact_with_smoker":2,"minecraft:fall_one_cm":22210},"minecraft:mined":{"minecraft:oak_fence":2,"minecraft:crafting_table":5,"minecraft:torch":3,"minecraft:grass_block":5,"minecraft:sugar_cane":15,"minecraft:oak_planks":9,"minecraft:hay_block":7,"minecraft:white_terracotta":8,"minecraft:furnace":2,"minecraft:birch_log":7,"minecraft:fire":17,"minecraft:bell":2,"minecraft:grass":41,"minecraft:coal_ore":5,"minecraft:oak_log":72,"minecraft:oak_stairs":5,"minecraft:dirt":7,"minecraft:stone":18,"minecraft:oak_leaves":5,"minecraft:fern":2},"minecraft:killed":{"minecraft:pig":6,"minecraft:chicken":3,"minecraft:cow":5}},"DataVersion":3465}