{"stats":{"minecraft:picked_up":{"minecraft:crafting_table":1,"minecraft:rotten_flesh":1,"minecraft:stone_pickaxe":1,"minecraft:oak_log":4,"minecraft:coal":3,"minecraft:dirt":1,"minecraft:cobblestone":6},"minecraft:used":{"minecraft:stone_axe":1,"minecraft:dirt":1,"minecraft:crafting_table":2,"minecraft:stone_pickaxe":8,"minecraft:wooden_pickaxe":3},"minecraft:dropped":{"minecraft:rotten_flesh":1,"minecraft:stone_pickaxe":1,"minecraft:wooden_pickaxe":1},"minecraft:crafted":{"minecraft:oak_planks":16,"minecraft:stone_axe":1,"minecraft:crafting_table":1,"minecraft:stick":8,"minecraft:wooden_pickaxe":1,"minecraft:stone_pickaxe":1},"minecraft:custom":{"minecraft:time_since_rest":5490,"minecraft:crouch_one_cm":2841,"minecraft:play_time":5490,"minecraft:sprint_one_cm":10684,"minecraft:walk_one_cm":10581,"minecraft:sneak_time":933,"minecraft:drop":3,"minecraft:jump":139,"minecraft:time_since_death":5490,"minecraft:total_world_time":5490,"minecraft:interact_with_crafting_table":4,"minecraft:fall_one_cm":5132,"minecraft:fly_one_cm":18156},"minecraft:mined":{"minecraft:coal_ore":5,"minecraft:grass":3,"minecraft:grass_block":2,"minecraft:oak_log":4,"minecraft:stone":6,"minecraft:crafting_table":2}},"DataVersion":3465}