{"stats":{"minecraft:picked_up":{"minecraft:raw_iron":8,"minecraft:stick":1,"minecraft:crafting_table":2,"minecraft:feather":2,"minecraft:chicken":1,"minecraft:cooked_porkchop":6,"minecraft:brown_mushroom":2,"minecraft:wooden_pickaxe":1,"minecraft:tuff":7,"minecraft:oak_log":16,"minecraft:diorite":6,"minecraft:gunpowder":1,"minecraft:lapis_lazuli":11,"minecraft:dirt":8,"minecraft:rotten_flesh":1,"minecraft:diamond":12,"minecraft:wheat_seeds":3,"minecraft:cobbled_deepslate":102,"minecraft:hay_block":11,"minecraft:stone_pickaxe":1,"minecraft:sugar_cane":6,"minecraft:coal":17,"minecraft:cobblestone":67},"minecraft:broken":{"minecraft:wooden_pickaxe":1},"minecraft:used":{"minecraft:chicken":1,"minecraft:stone_pickaxe":78,"minecraft:iron_pickaxe":86,"minecraft:wooden_pickaxe":56,"minecraft:dirt":3,"minecraft:cobblestone":8,"minecraft:crafting_table":2,"minecraft:furnace":1,"minecraft:cooked_porkchop":4,"minecraft:repeating_command_block":2,"minecraft:cobbled_deepslate":1},"minecraft:dropped":{"minecraft:brown_mushroom":1,"minecraft:feather":2,"minecraft:rotten_flesh":1,"minecraft:stone_pickaxe":1},"minecraft:killed_by":{"minecraft:iron_golem":1},"minecraft:crafted":{"minecraft:oak_planks":64,"minecraft:stick":8,"minecraft:iron_pickaxe":1,"minecraft:iron_ingot":7,"minecraft:stone_pickaxe":2,"minecraft:furnace":1},"minecraft:custom":{"minecraft:time_since_rest":404,"minecraft:interact_with_furnace":3,"minecraft:sprint_one_cm":72632,"minecraft:damage_taken":838,"minecraft:walk_one_cm":32881,"minecraft:drop":5,"minecraft:damage_dealt":10,"minecraft:interact_with_crafting_table":6,"minecraft:fly_one_cm":194393,"minecraft:open_chest":1,"minecraft:crouch_one_cm":24556,"minecraft:play_time":41865,"minecraft:deaths":3,"minecraft:sneak_time":8983,"minecraft:walk_under_water_one_cm":625,"minecraft:boat_one_cm":272160,"minecraft:jump":615,"minecraft:time_since_death":368,"minecraft:walk_on_water_one_cm":1255,"minecraft:interact_with_smoker":3,"minecraft:total_world_time":41865,"minecraft:climb_one_cm":2685,"minecraft:fall_one_cm":24947},"minecraft:mined":{"minecraft:hay_block":10,"minecraft:tuff":7,"minecraft:brown_mushroom":1,"minecraft:deepslate_diamond_ore":12,"minecraft:birch_leaves":1,"minecraft:deepslate_lapis_ore":2,"minecraft:crafting_table":1,"minecraft:grass":9,"minecraft:coal_ore":15,"minecraft:grass_block":2,"minecraft:oak_log":15,"minecraft:deepslate_iron_ore":8,"minecraft:dirt":5,"minecraft:tall_grass":1,"minecraft:stone":66,"minecraft:sugar_cane":2,"minecraft:diorite":6,"minecraft:deepslate":102}},"DataVersion":3465}