{"stats":{"minecraft:picked_up":{"minecraft:stick":1,"minecraft:crafting_table":1,"minecraft:feather":2,"minecraft:chicken":1,"minecraft:cooked_porkchop":6,"minecraft:brown_mushroom":2,"minecraft:wooden_pickaxe":1,"minecraft:oak_log":16,"minecraft:dirt":5,"minecraft:rotten_flesh":1,"minecraft:wheat_seeds":3,"minecraft:hay_block":11,"minecraft:stone_pickaxe":1,"minecraft:sugar_cane":6,"minecraft:coal":5,"minecraft:cobblestone":29},"minecraft:used":{"minecraft:chicken":1,"minecraft:stone_pickaxe":1,"minecraft:wooden_pickaxe":32,"minecraft:cobblestone":6,"minecraft:cooked_porkchop":2},"minecraft:dropped":{"minecraft:brown_mushroom":1,"minecraft:feather":2,"minecraft:rotten_flesh":1,"minecraft:stone_pickaxe":1},"minecraft:killed_by":{"minecraft:iron_golem":1},"minecraft:crafted":{"minecraft:oak_planks":64},"minecraft:custom":{"minecraft:time_since_rest":3223,"minecraft:interact_with_furnace":1,"minecraft:sprint_one_cm":71405,"minecraft:damage_taken":708,"minecraft:walk_one_cm":25447,"minecraft:drop":5,"minecraft:damage_dealt":10,"minecraft:interact_with_crafting_table":1,"minecraft:fly_one_cm":162255,"minecraft:open_chest":1,"minecraft:crouch_one_cm":9587,"minecraft:play_time":29865,"minecraft:deaths":2,"minecraft:sneak_time":2972,"minecraft:boat_one_cm":272160,"minecraft:jump":584,"minecraft:time_since_death":3189,"minecraft:walk_on_water_one_cm":987,"minecraft:interact_with_smoker":3,"minecraft:total_world_time":29865,"minecraft:climb_one_cm":2685,"minecraft:fall_one_cm":22938},"minecraft:mined":{"minecraft:hay_block":10,"minecraft:brown_mushroom":1,"minecraft:birch_leaves":1,"minecraft:grass":9,"minecraft:coal_ore":3,"minecraft:grass_block":2,"minecraft:oak_log":15,"minecraft:dirt":2,"minecraft:tall_grass":1,"minecraft:stone":28,"minecraft:sugar_cane":2}},"DataVersion":3465}