{"stats":{"minecraft:picked_up":{"minecraft:stick":1,"minecraft:crafting_table":1,"minecraft:feather":2,"minecraft:chicken":1,"minecraft:cooked_porkchop":6,"minecraft:brown_mushroom":2,"minecraft:wooden_pickaxe":1,"minecraft:oak_log":16,"minecraft:dirt":2,"minecraft:rotten_flesh":1,"minecraft:wheat_seeds":3,"minecraft:stone_pickaxe":1,"minecraft:sugar_cane":6,"minecraft:coal":2,"minecraft:cobblestone":21},"minecraft:used":{"minecraft:chicken":1,"minecraft:stone_pickaxe":1,"minecraft:wooden_pickaxe":21,"minecraft:cobblestone":6,"minecraft:cooked_porkchop":2},"minecraft:dropped":{"minecraft:brown_mushroom":1,"minecraft:feather":2,"minecraft:rotten_flesh":1,"minecraft:stone_pickaxe":1},"minecraft:crafted":{"minecraft:oak_planks":64},"minecraft:custom":{"minecraft:time_since_rest":7653,"minecraft:interact_with_furnace":1,"minecraft:sprint_one_cm":55239,"minecraft:damage_taken":280,"minecraft:walk_one_cm":18574,"minecraft:drop":5,"minecraft:interact_with_crafting_table":1,"minecraft:fly_one_cm":128900,"minecraft:crouch_one_cm":6399,"minecraft:play_time":17865,"minecraft:deaths":1,"minecraft:sneak_time":2011,"minecraft:boat_one_cm":29538,"minecraft:jump":449,"minecraft:time_since_death":7614,"minecraft:walk_on_water_one_cm":987,"minecraft:total_world_time":17865,"minecraft:climb_one_cm":2181,"minecraft:fall_one_cm":19518},"minecraft:mined":{"minecraft:brown_mushroom":1,"minecraft:birch_leaves":1,"minecraft:grass":8,"minecraft:grass_block":1,"minecraft:oak_log":15,"minecraft:tall_grass":1,"minecraft:stone":20,"minecraft:sugar_cane":2}},"DataVersion":3465}