{"stats":{"minecraft:picked_up":{"minecraft:crafting_table":1,"minecraft:rotten_flesh":1,"minecraft:wooden_pickaxe":1,"minecraft:stone_pickaxe":1,"minecraft:coal":2,"minecraft:dirt":2,"minecraft:cobblestone":11},"minecraft:used":{"minecraft:stone_pickaxe":1,"minecraft:wooden_pickaxe":11},"minecraft:dropped":{"minecraft:stone_pickaxe":1},"minecraft:custom":{"minecraft:time_since_rest":5865,"minecraft:crouch_one_cm":2430,"minecraft:play_time":5865,"minecraft:sprint_one_cm":10762,"minecraft:damage_taken":30,"minecraft:walk_one_cm":4570,"minecraft:sneak_time":666,"minecraft:drop":1,"minecraft:jump":113,"minecraft:time_since_death":5865,"minecraft:total_world_time":5865,"minecraft:interact_with_crafting_table":1,"minecraft:fall_one_cm":5045,"minecraft:fly_one_cm":20563},"minecraft:mined":{"minecraft:grass_block":1,"minecraft:stone":11}},"DataVersion":3465}