{"stats":{"minecraft:picked_up":{"minecraft:cocoa_beans":3,"minecraft:crafting_table":2,"minecraft:feather":2,"minecraft:chicken":1,"minecraft:brown_mushroom":2,"minecraft:wooden_pickaxe":1,"minecraft:tuff":10,"minecraft:oak_log":16,"minecraft:gunpowder":1,"minecraft:lapis_lazuli":11,"minecraft:dirt":8,"minecraft:wheat_seeds":3,"minecraft:cobbled_deepslate":258,"minecraft:bell":1,"minecraft:stone_pickaxe":1,"minecraft:sugar_cane":6,"minecraft:chest":42,"minecraft:oak_planks":1,"minecraft:iron_boots":2,"minecraft:stick":1,"minecraft:raw_iron":14,"minecraft:cooked_porkchop":6,"minecraft:diorite":6,"minecraft:rotten_flesh":1,"minecraft:diamond":32,"minecraft:hay_block":11,"minecraft:white_terracotta":1,"minecraft:coal":17,"minecraft:cobblestone":67},"minecraft:broken":{"minecraft:iron_pickaxe":1,"minecraft:wooden_pickaxe":1},"minecraft:used":{"minecraft:diamond_boots":1,"minecraft:stone_pickaxe":79,"minecraft:oak_planks":209,"minecraft:wooden_pickaxe":56,"minecraft:white_terracotta":13,"minecraft:bell":1,"minecraft:dirt":3,"minecraft:crafting_table":3,"minecraft:diamond_helmet":1,"minecraft:white_bed":2,"minecraft:chicken":1,"minecraft:iron_pickaxe":271,"minecraft:diamond_chestplate":1,"minecraft:cobblestone":8,"minecraft:furnace":1,"minecraft:cooked_porkchop":4,"minecraft:repeating_command_block":4,"minecraft:cobbled_deepslate":6,"minecraft:diamond_leggings":1},"minecraft:dropped":{"minecraft:brown_mushroom":1,"minecraft:cobbled_deepslate":60,"minecraft:feather":2,"minecraft:rotten_flesh":1,"minecraft:iron_boots":2,"minecraft:stone_pickaxe":1},"minecraft:killed_by":{"minecraft:iron_golem":1},"minecraft:crafted":{"minecraft:oak_planks":64,"minecraft:diamond_axe":1,"minecraft:crafting_table":1,"minecraft:furnace":1,"minecraft:diamond_helmet":1,"minecraft:diamond_leggings":1,"minecraft:diamond_pickaxe":1,"minecraft:stick":12,"minecraft:iron_ingot":7,"minecraft:iron_pickaxe":2,"minecraft:stone_pickaxe":2,"minecraft:diamond_boots":1,"minecraft:diamond_chestplate":1},"minecraft:custom":{"minecraft:interact_with_furnace":3,"minecraft:interact_with_crafting_table":13,"minecraft:bell_ring":13,"minecraft:leave_game":1,"minecraft:time_since_death":24305,"minecraft:climb_one_cm":2685,"minecraft:time_since_rest":24341,"minecraft:sprint_one_cm":101541,"minecraft:damage_taken":898,"minecraft:walk_one_cm":76549,"minecraft:drop":8,"minecraft:damage_dealt":10,"minecraft:talked_to_villager":6,"minecraft:fly_one_cm":268676,"minecraft:open_chest":2,"minecraft:crouch_one_cm":42202,"minecraft:play_time":65802,"minecraft:deaths":3,"minecraft:sneak_time":14727,"minecraft:walk_under_water_one_cm":625,"minecraft:boat_one_cm":272160,"minecraft:jump":829,"minecraft:walk_on_water_one_cm":1255,"minecraft:total_world_time":65802,"minecraft:interact_with_smoker":3,"minecraft:fall_one_cm":26911},"minecraft:mined":{"minecraft:tuff":10,"minecraft:brown_mushroom":1,"minecraft:deepslate_diamond_ore":32,"minecraft:crafting_table":1,"minecraft:grass_block":2,"minecraft:tall_grass":1,"minecraft:sugar_cane":2,"minecraft:diorite":6,"minecraft:hay_block":10,"minecraft:birch_leaves":1,"minecraft:deepslate_lapis_ore":2,"minecraft:bell":1,"minecraft:grass":9,"minecraft:oak_log":15,"minecraft:coal_ore":15,"minecraft:deepslate_iron_ore":14,"minecraft:dirt":5,"minecraft:stone":66,"minecraft:deepslate":258}},"DataVersion":3465}